{
  "metrics": {
    "accuracy": 0.7665010645848119,
    "precision": 0.5430210325047801,
    "recall": 0.7593582887700535,
    "f1_score": 0.633221850613155,
    "roc_auc": 0.8419062750264796
  },
  "classification_report": {
    "0": {
      "precision": 0.8984198645598194,
      "recall": 0.7690821256038647,
      "f1-score": 0.8287350338365435,
      "support": 1035.0
    },
    "1": {
      "precision": 0.5430210325047801,
      "recall": 0.7593582887700535,
      "f1-score": 0.633221850613155,
      "support": 374.0
    },
    "accuracy": 0.7665010645848119,
    "macro avg": {
      "precision": 0.7207204485322998,
      "recall": 0.764220207186959,
      "f1-score": 0.7309784422248492,
      "support": 1409.0
    },
    "weighted avg": {
      "precision": 0.8040840496637337,
      "recall": 0.7665010645848119,
      "f1-score": 0.7768387027325354,
      "support": 1409.0
    }
  },
  "confusion_matrix": [
    [
      796,
      239
    ],
    [
      90,
      284
    ]
  ]
}
