{
  "train_accuracy": 0.8164714235001775,
  "test_accuracy": 0.7665010645848119,
  "test_precision": 0.5430210325047801,
  "test_recall": 0.7593582887700535,
  "test_f1_score": 0.633221850613155,
  "test_roc_auc": 0.8419062750264796
}